datetime,close,exchange_code,expiry_date,high,low,open,open_interest,product_type,right,stock_code,strike_price,volume
2026-04-29 09:15:00,188.0,NFO,05-MAY-2026,223.7,188.0,211.25,2039505,Options,Put,NIFTY,24100.0,1496690
2026-04-29 09:16:00,183.0,NFO,05-MAY-2026,192.0,181.0,189.55,2039505,Options,Put,NIFTY,24100.0,1488110
2026-04-29 09:17:00,186.5,NFO,05-MAY-2026,187.9,180.1,182.0,2039505,Options,Put,NIFTY,24100.0,893685
2026-04-29 09:18:00,194.95,NFO,05-MAY-2026,198.15,182.0,184.65,3175640,Options,Put,NIFTY,24100.0,1388140
2026-04-29 09:19:00,190.6,NFO,05-MAY-2026,204.5,190.5,195.45,3175640,Options,Put,NIFTY,24100.0,1483625
2026-04-29 09:20:00,174.75,NFO,05-MAY-2026,187.9,173.75,187.85,3175640,Options,Put,NIFTY,24100.0,1506375
2026-04-29 09:21:00,182.25,NFO,05-MAY-2026,187.3,174.15,174.15,3738540,Options,Put,NIFTY,24100.0,1085305
2026-04-29 09:22:00,189.05,NFO,05-MAY-2026,191.6,179.5,181.9,3738540,Options,Put,NIFTY,24100.0,903825
2026-04-29 09:23:00,205.55,NFO,05-MAY-2026,207.0,190.5,190.5,3738540,Options,Put,NIFTY,24100.0,1829295
2026-04-29 09:24:00,197.0,NFO,05-MAY-2026,207.1,197.0,207.1,3927560,Options,Put,NIFTY,24100.0,1259765
2026-04-29 09:25:00,201.05,NFO,05-MAY-2026,206.95,197.0,198.05,3927560,Options,Put,NIFTY,24100.0,841425
2026-04-29 09:26:00,183.3,NFO,05-MAY-2026,201.4,183.0,201.4,3927560,Options,Put,NIFTY,24100.0,1084655
2026-04-29 09:27:00,179.7,NFO,05-MAY-2026,184.65,175.25,184.1,4207320,Options,Put,NIFTY,24100.0,951145
2026-04-29 09:28:00,184.05,NFO,05-MAY-2026,186.95,177.25,180.6,4207320,Options,Put,NIFTY,24100.0,737815
2026-04-29 09:29:00,173.95,NFO,05-MAY-2026,183.65,173.75,183.65,4207320,Options,Put,NIFTY,24100.0,623675
2026-04-29 09:30:00,170.6,NFO,05-MAY-2026,175.5,170.0,174.0,4625660,Options,Put,NIFTY,24100.0,882180
2026-04-29 09:31:00,169.1,NFO,05-MAY-2026,173.9,167.55,168.65,4625660,Options,Put,NIFTY,24100.0,815490
2026-04-29 09:32:00,169.95,NFO,05-MAY-2026,171.15,168.0,169.25,4625660,Options,Put,NIFTY,24100.0,398775
2026-04-29 09:33:00,177.0,NFO,05-MAY-2026,177.5,166.2,169.35,5023395,Options,Put,NIFTY,24100.0,1196845
2026-04-29 09:34:00,181.35,NFO,05-MAY-2026,185.0,176.95,177.25,5023395,Options,Put,NIFTY,24100.0,1365520
2026-04-29 09:35:00,179.9,NFO,05-MAY-2026,183.3,177.7,182.15,5023395,Options,Put,NIFTY,24100.0,820300
2026-04-29 09:36:00,176.15,NFO,05-MAY-2026,183.9,174.65,180.2,5023395,Options,Put,NIFTY,24100.0,717015
2026-04-29 09:37:00,181.15,NFO,05-MAY-2026,182.5,175.15,175.8,5117710,Options,Put,NIFTY,24100.0,553605
2026-04-29 09:38:00,183.55,NFO,05-MAY-2026,183.95,178.8,181.0,5117710,Options,Put,NIFTY,24100.0,435045
2026-04-29 09:39:00,178.5,NFO,05-MAY-2026,189.2,177.05,185.5,5117710,Options,Put,NIFTY,24100.0,989495
2026-04-29 09:40:00,174.5,NFO,05-MAY-2026,179.35,171.65,177.6,5262205,Options,Put,NIFTY,24100.0,705640
2026-04-29 09:41:00,176.15,NFO,05-MAY-2026,178.0,172.55,174.4,5262205,Options,Put,NIFTY,24100.0,411645
2026-04-29 09:42:00,171.4,NFO,05-MAY-2026,177.15,171.05,175.0,5262205,Options,Put,NIFTY,24100.0,360295
2026-04-29 09:43:00,166.3,NFO,05-MAY-2026,170.75,164.75,170.75,5411640,Options,Put,NIFTY,24100.0,862485
2026-04-29 09:44:00,160.05,NFO,05-MAY-2026,166.75,158.75,165.85,5411640,Options,Put,NIFTY,24100.0,1046240
2026-04-29 09:45:00,156.55,NFO,05-MAY-2026,159.25,153.6,159.25,5411640,Options,Put,NIFTY,24100.0,1066455
2026-04-29 09:46:00,154.05,NFO,05-MAY-2026,157.5,154.0,157.0,5836350,Options,Put,NIFTY,24100.0,482950
2026-04-29 09:47:00,151.9,NFO,05-MAY-2026,154.65,150.15,153.35,5836350,Options,Put,NIFTY,24100.0,585455
2026-04-29 09:48:00,150.0,NFO,05-MAY-2026,152.1,149.25,151.8,5836350,Options,Put,NIFTY,24100.0,672360
2026-04-29 09:49:00,147.0,NFO,05-MAY-2026,150.45,146.0,150.45,6297395,Options,Put,NIFTY,24100.0,533520
2026-04-29 09:50:00,147.7,NFO,05-MAY-2026,148.85,146.0,146.85,6297395,Options,Put,NIFTY,24100.0,460850
2026-04-29 09:51:00,147.15,NFO,05-MAY-2026,148.0,145.0,147.5,6297395,Options,Put,NIFTY,24100.0,380900
2026-04-29 09:52:00,145.35,NFO,05-MAY-2026,147.45,144.4,147.2,6585540,Options,Put,NIFTY,24100.0,329030
2026-04-29 09:53:00,144.9,NFO,05-MAY-2026,146.0,144.0,144.65,6585540,Options,Put,NIFTY,24100.0,322725
2026-04-29 09:54:00,143.55,NFO,05-MAY-2026,145.15,142.35,145.15,6585540,Options,Put,NIFTY,24100.0,359320
2026-04-29 09:55:00,143.55,NFO,05-MAY-2026,145.9,142.45,144.95,6777875,Options,Put,NIFTY,24100.0,493675
2026-04-29 09:56:00,141.7,NFO,05-MAY-2026,145.4,141.55,143.7,6777875,Options,Put,NIFTY,24100.0,381875
2026-04-29 09:57:00,140.65,NFO,05-MAY-2026,144.5,140.5,141.45,6777875,Options,Put,NIFTY,24100.0,356395
2026-04-29 09:58:00,140.45,NFO,05-MAY-2026,141.15,138.2,140.5,7044440,Options,Put,NIFTY,24100.0,517010
2026-04-29 09:59:00,139.5,NFO,05-MAY-2026,141.5,139.5,139.85,7044440,Options,Put,NIFTY,24100.0,358540
2026-04-29 10:00:00,134.65,NFO,05-MAY-2026,139.5,134.1,139.5,7044440,Options,Put,NIFTY,24100.0,706160
2026-04-29 10:01:00,131.0,NFO,05-MAY-2026,133.65,129.75,133.5,7097545,Options,Put,NIFTY,24100.0,1142440
2026-04-29 10:02:00,130.9,NFO,05-MAY-2026,132.45,128.35,130.95,7097545,Options,Put,NIFTY,24100.0,731835
2026-04-29 10:03:00,128.65,NFO,05-MAY-2026,130.8,127.15,130.6,7097545,Options,Put,NIFTY,24100.0,528385
2026-04-29 10:04:00,129.45,NFO,05-MAY-2026,130.45,128.0,129.05,7320755,Options,Put,NIFTY,24100.0,386035
2026-04-29 10:05:00,129.45,NFO,05-MAY-2026,130.4,127.95,129.4,7320755,Options,Put,NIFTY,24100.0,385320
2026-04-29 10:06:00,128.05,NFO,05-MAY-2026,131.05,127.5,129.95,7320755,Options,Put,NIFTY,24100.0,372710
2026-04-29 10:07:00,127.3,NFO,05-MAY-2026,129.55,126.35,127.8,7553260,Options,Put,NIFTY,24100.0,352820
2026-04-29 10:08:00,126.5,NFO,05-MAY-2026,129.05,125.2,127.55,7553260,Options,Put,NIFTY,24100.0,439465
2026-04-29 10:09:00,126.05,NFO,05-MAY-2026,127.85,124.8,126.05,7553260,Options,Put,NIFTY,24100.0,494130
2026-04-29 10:10:00,123.45,NFO,05-MAY-2026,127.35,122.5,126.35,7497295,Options,Put,NIFTY,24100.0,538460
2026-04-29 10:11:00,126.0,NFO,05-MAY-2026,126.0,121.45,122.9,7497295,Options,Put,NIFTY,24100.0,585650
2026-04-29 10:12:00,124.5,NFO,05-MAY-2026,125.35,123.6,125.35,7497295,Options,Put,NIFTY,24100.0,234065
2026-04-29 10:13:00,123.0,NFO,05-MAY-2026,124.9,122.6,124.1,7516730,Options,Put,NIFTY,24100.0,288535
2026-04-29 10:14:00,121.85,NFO,05-MAY-2026,123.9,121.15,123.0,7516730,Options,Put,NIFTY,24100.0,333385
2026-04-29 10:15:00,122.15,NFO,05-MAY-2026,122.55,120.5,121.5,7516730,Options,Put,NIFTY,24100.0,339430
2026-04-29 10:16:00,119.65,NFO,05-MAY-2026,122.05,119.6,121.6,7652385,Options,Put,NIFTY,24100.0,398320
2026-04-29 10:17:00,119.4,NFO,05-MAY-2026,120.1,118.4,119.5,7652385,Options,Put,NIFTY,24100.0,400790
2026-04-29 10:18:00,119.35,NFO,05-MAY-2026,120.2,118.0,119.05,7652385,Options,Put,NIFTY,24100.0,256880
2026-04-29 10:19:00,120.05,NFO,05-MAY-2026,120.9,118.6,118.8,7721025,Options,Put,NIFTY,24100.0,278070
2026-04-29 10:20:00,116.55,NFO,05-MAY-2026,120.15,115.3,119.75,7721025,Options,Put,NIFTY,24100.0,526045
2026-04-29 10:21:00,116.65,NFO,05-MAY-2026,118.1,115.65,116.4,7721025,Options,Put,NIFTY,24100.0,291590
2026-04-29 10:22:00,117.1,NFO,05-MAY-2026,117.65,114.55,116.45,7760090,Options,Put,NIFTY,24100.0,362180
2026-04-29 10:23:00,116.25,NFO,05-MAY-2026,118.1,114.7,117.25,7760090,Options,Put,NIFTY,24100.0,346320
2026-04-29 10:24:00,116.6,NFO,05-MAY-2026,117.75,115.9,116.45,7760090,Options,Put,NIFTY,24100.0,216645
2026-04-29 10:25:00,116.6,NFO,05-MAY-2026,118.0,116.05,116.55,7749625,Options,Put,NIFTY,24100.0,186615
2026-04-29 10:26:00,114.45,NFO,05-MAY-2026,116.8,114.45,116.8,7749625,Options,Put,NIFTY,24100.0,314470
2026-04-29 10:27:00,112.85,NFO,05-MAY-2026,115.7,112.55,114.5,7749625,Options,Put,NIFTY,24100.0,385125
2026-04-29 10:28:00,111.65,NFO,05-MAY-2026,113.35,110.55,113.0,7669285,Options,Put,NIFTY,24100.0,349895
2026-04-29 10:29:00,112.9,NFO,05-MAY-2026,113.2,111.0,111.95,7669285,Options,Put,NIFTY,24100.0,191945
2026-04-29 10:30:00,114.55,NFO,05-MAY-2026,115.7,112.2,112.85,7669285,Options,Put,NIFTY,24100.0,341510
2026-04-29 10:31:00,115.2,NFO,05-MAY-2026,116.65,113.1,114.7,7689110,Options,Put,NIFTY,24100.0,472940
2026-04-29 10:32:00,114.55,NFO,05-MAY-2026,115.95,113.0,114.9,7689110,Options,Put,NIFTY,24100.0,223925
2026-04-29 10:33:00,114.0,NFO,05-MAY-2026,115.2,112.85,114.7,7689110,Options,Put,NIFTY,24100.0,162110
2026-04-29 10:34:00,114.85,NFO,05-MAY-2026,114.9,113.4,113.5,7817680,Options,Put,NIFTY,24100.0,106795
2026-04-29 10:35:00,114.85,NFO,05-MAY-2026,115.4,114.35,114.8,7817680,Options,Put,NIFTY,24100.0,130130
2026-04-29 10:36:00,115.0,NFO,05-MAY-2026,116.0,114.15,114.8,7817680,Options,Put,NIFTY,24100.0,180570
2026-04-29 10:37:00,117.2,NFO,05-MAY-2026,117.5,114.9,115.05,7786480,Options,Put,NIFTY,24100.0,197015
2026-04-29 10:38:00,118.3,NFO,05-MAY-2026,118.8,115.75,117.0,7786480,Options,Put,NIFTY,24100.0,275275
2026-04-29 10:39:00,118.45,NFO,05-MAY-2026,118.5,117.2,118.05,7786480,Options,Put,NIFTY,24100.0,233740
2026-04-29 10:40:00,119.9,NFO,05-MAY-2026,119.9,117.35,118.2,7774715,Options,Put,NIFTY,24100.0,205140
2026-04-29 10:41:00,116.15,NFO,05-MAY-2026,120.35,116.15,119.55,7774715,Options,Put,NIFTY,24100.0,329875
2026-04-29 10:42:00,118.0,NFO,05-MAY-2026,118.75,116.0,116.05,7774715,Options,Put,NIFTY,24100.0,155220
2026-04-29 10:43:00,118.5,NFO,05-MAY-2026,118.8,116.3,117.75,7753720,Options,Put,NIFTY,24100.0,106470
2026-04-29 10:44:00,116.75,NFO,05-MAY-2026,119.0,116.05,119.0,7753720,Options,Put,NIFTY,24100.0,137735
2026-04-29 10:45:00,118.65,NFO,05-MAY-2026,118.8,116.0,116.5,7753720,Options,Put,NIFTY,24100.0,134745
2026-04-29 10:46:00,118.6,NFO,05-MAY-2026,118.65,116.15,118.45,7724730,Options,Put,NIFTY,24100.0,182910
2026-04-29 10:47:00,117.8,NFO,05-MAY-2026,119.0,117.05,119.0,7724730,Options,Put,NIFTY,24100.0,154505
2026-04-29 10:48:00,114.9,NFO,05-MAY-2026,118.1,114.2,118.1,7724730,Options,Put,NIFTY,24100.0,320645
2026-04-29 10:49:00,112.95,NFO,05-MAY-2026,116.45,112.95,114.8,7690800,Options,Put,NIFTY,24100.0,231075
2026-04-29 10:50:00,115.0,NFO,05-MAY-2026,115.45,112.55,112.9,7690800,Options,Put,NIFTY,24100.0,209950
2026-04-29 10:51:00,112.4,NFO,05-MAY-2026,114.75,111.25,114.65,7690800,Options,Put,NIFTY,24100.0,224575
2026-04-29 10:52:00,112.05,NFO,05-MAY-2026,115.65,112.0,112.3,7641010,Options,Put,NIFTY,24100.0,230945
2026-04-29 10:53:00,109.6,NFO,05-MAY-2026,112.2,109.55,111.75,7641010,Options,Put,NIFTY,24100.0,321750
2026-04-29 10:54:00,111.8,NFO,05-MAY-2026,112.2,109.8,109.8,7641010,Options,Put,NIFTY,24100.0,192595
2026-04-29 10:55:00,112.6,NFO,05-MAY-2026,113.05,111.55,112.35,7662460,Options,Put,NIFTY,24100.0,90675
2026-04-29 10:56:00,113.3,NFO,05-MAY-2026,113.3,111.0,112.6,7662460,Options,Put,NIFTY,24100.0,87750
2026-04-29 10:57:00,112.3,NFO,05-MAY-2026,113.5,111.6,113.3,7662460,Options,Put,NIFTY,24100.0,68315
2026-04-29 10:58:00,110.5,NFO,05-MAY-2026,112.75,109.6,112.3,7693335,Options,Put,NIFTY,24100.0,164710
2026-04-29 10:59:00,109.4,NFO,05-MAY-2026,111.2,109.2,110.55,7693335,Options,Put,NIFTY,24100.0,109265
2026-04-29 11:00:00,108.6,NFO,05-MAY-2026,110.35,108.45,110.05,7693335,Options,Put,NIFTY,24100.0,158600
2026-04-29 11:01:00,111.1,NFO,05-MAY-2026,112.7,107.65,108.45,7717060,Options,Put,NIFTY,24100.0,296985
2026-04-29 11:02:00,109.9,NFO,05-MAY-2026,111.05,108.8,111.05,7717060,Options,Put,NIFTY,24100.0,122395
2026-04-29 11:03:00,109.7,NFO,05-MAY-2026,110.4,108.6,109.95,7717060,Options,Put,NIFTY,24100.0,100620
2026-04-29 11:04:00,113.4,NFO,05-MAY-2026,113.55,109.2,109.55,7779200,Options,Put,NIFTY,24100.0,183365
2026-04-29 11:05:00,112.85,NFO,05-MAY-2026,114.5,112.2,113.35,7779200,Options,Put,NIFTY,24100.0,288665
2026-04-29 11:06:00,111.15,NFO,05-MAY-2026,112.75,111.15,112.5,7779200,Options,Put,NIFTY,24100.0,167050
2026-04-29 11:07:00,109.9,NFO,05-MAY-2026,112.55,109.5,111.3,7854535,Options,Put,NIFTY,24100.0,173160
2026-04-29 11:08:00,107.2,NFO,05-MAY-2026,110.15,105.8,109.9,7854535,Options,Put,NIFTY,24100.0,416455
2026-04-29 11:09:00,107.5,NFO,05-MAY-2026,109.0,106.55,107.0,7854535,Options,Put,NIFTY,24100.0,112970
2026-04-29 11:10:00,108.85,NFO,05-MAY-2026,108.85,106.75,107.15,7853755,Options,Put,NIFTY,24100.0,115050
2026-04-29 11:11:00,109.05,NFO,05-MAY-2026,109.9,107.65,108.85,7853755,Options,Put,NIFTY,24100.0,96720
2026-04-29 11:12:00,107.5,NFO,05-MAY-2026,109.2,106.25,109.15,7853755,Options,Put,NIFTY,24100.0,118755
2026-04-29 11:13:00,106.5,NFO,05-MAY-2026,108.3,106.35,107.2,7888725,Options,Put,NIFTY,24100.0,86905
2026-04-29 11:14:00,106.45,NFO,05-MAY-2026,106.95,105.0,106.95,7888725,Options,Put,NIFTY,24100.0,213330
2026-04-29 11:15:00,106.1,NFO,05-MAY-2026,106.2,104.5,106.0,7888725,Options,Put,NIFTY,24100.0,156455
2026-04-29 11:16:00,107.3,NFO,05-MAY-2026,107.6,105.45,105.75,7927855,Options,Put,NIFTY,24100.0,117390
2026-04-29 11:17:00,107.75,NFO,05-MAY-2026,108.4,106.15,107.4,7927855,Options,Put,NIFTY,24100.0,125385
2026-04-29 11:18:00,110.35,NFO,05-MAY-2026,110.35,107.6,107.6,7927855,Options,Put,NIFTY,24100.0,174590
2026-04-29 11:19:00,108.25,NFO,05-MAY-2026,111.0,108.1,110.4,7943845,Options,Put,NIFTY,24100.0,215540
2026-04-29 11:20:00,108.5,NFO,05-MAY-2026,109.45,107.65,108.2,7943845,Options,Put,NIFTY,24100.0,107835
2026-04-29 11:21:00,104.15,NFO,05-MAY-2026,108.1,103.65,108.0,7943845,Options,Put,NIFTY,24100.0,273585
2026-04-29 11:22:00,104.85,NFO,05-MAY-2026,104.95,102.85,104.35,7909980,Options,Put,NIFTY,24100.0,268775
2026-04-29 11:23:00,106.5,NFO,05-MAY-2026,107.9,104.7,105.0,7909980,Options,Put,NIFTY,24100.0,174005
2026-04-29 11:24:00,109.2,NFO,05-MAY-2026,109.75,106.05,106.3,7909980,Options,Put,NIFTY,24100.0,161200
2026-04-29 11:25:00,108.95,NFO,05-MAY-2026,110.5,107.6,108.85,7859995,Options,Put,NIFTY,24100.0,143390
2026-04-29 11:26:00,108.35,NFO,05-MAY-2026,108.45,105.3,108.45,7859995,Options,Put,NIFTY,24100.0,168675
2026-04-29 11:27:00,108.0,NFO,05-MAY-2026,108.55,106.45,108.35,7859995,Options,Put,NIFTY,24100.0,73905
2026-04-29 11:28:00,110.2,NFO,05-MAY-2026,110.6,108.25,108.25,7893730,Options,Put,NIFTY,24100.0,186680
2026-04-29 11:29:00,109.75,NFO,05-MAY-2026,110.8,108.8,110.2,7893730,Options,Put,NIFTY,24100.0,206830
2026-04-29 11:30:00,107.85,NFO,05-MAY-2026,109.85,107.15,109.85,7893730,Options,Put,NIFTY,24100.0,158795
2026-04-29 11:31:00,106.4,NFO,05-MAY-2026,107.6,104.7,107.6,7938385,Options,Put,NIFTY,24100.0,262925
2026-04-29 11:32:00,108.8,NFO,05-MAY-2026,108.8,106.1,106.1,7938385,Options,Put,NIFTY,24100.0,113620
2026-04-29 11:33:00,105.5,NFO,05-MAY-2026,109.2,105.5,109.2,7938385,Options,Put,NIFTY,24100.0,129870
2026-04-29 11:34:00,106.15,NFO,05-MAY-2026,107.0,105.3,106.0,7913945,Options,Put,NIFTY,24100.0,63570
2026-04-29 11:35:00,105.35,NFO,05-MAY-2026,106.4,105.05,105.95,7913945,Options,Put,NIFTY,24100.0,76310
2026-04-29 11:36:00,106.6,NFO,05-MAY-2026,108.6,105.3,105.3,7913945,Options,Put,NIFTY,24100.0,132795
2026-04-29 11:37:00,106.65,NFO,05-MAY-2026,107.4,105.3,106.5,7933770,Options,Put,NIFTY,24100.0,54990
2026-04-29 11:38:00,106.3,NFO,05-MAY-2026,108.35,106.0,106.65,7933770,Options,Put,NIFTY,24100.0,51415
2026-04-29 11:39:00,106.7,NFO,05-MAY-2026,107.45,106.3,106.4,7933770,Options,Put,NIFTY,24100.0,38740
2026-04-29 11:40:00,106.95,NFO,05-MAY-2026,106.95,104.7,106.6,7941245,Options,Put,NIFTY,24100.0,148525
2026-04-29 11:41:00,106.05,NFO,05-MAY-2026,107.65,105.6,107.0,7941245,Options,Put,NIFTY,24100.0,141050
2026-04-29 11:42:00,108.4,NFO,05-MAY-2026,109.15,106.3,106.3,7941245,Options,Put,NIFTY,24100.0,170755
2026-04-29 11:43:00,109.5,NFO,05-MAY-2026,109.5,107.8,108.2,7863245,Options,Put,NIFTY,24100.0,86190
2026-04-29 11:44:00,108.7,NFO,05-MAY-2026,109.3,107.5,109.0,7863245,Options,Put,NIFTY,24100.0,56290
2026-04-29 11:45:00,108.95,NFO,05-MAY-2026,110.8,108.05,108.5,7863245,Options,Put,NIFTY,24100.0,199485
2026-04-29 11:46:00,109.7,NFO,05-MAY-2026,110.4,108.45,108.45,7875660,Options,Put,NIFTY,24100.0,78650
2026-04-29 11:47:00,108.2,NFO,05-MAY-2026,109.9,107.9,109.35,7875660,Options,Put,NIFTY,24100.0,81510
2026-04-29 11:48:00,108.25,NFO,05-MAY-2026,109.3,107.65,108.25,7875660,Options,Put,NIFTY,24100.0,86060
2026-04-29 11:49:00,110.15,NFO,05-MAY-2026,110.6,108.1,108.1,7874750,Options,Put,NIFTY,24100.0,153140
2026-04-29 11:50:00,108.7,NFO,05-MAY-2026,110.2,108.65,109.6,7874750,Options,Put,NIFTY,24100.0,84565
2026-04-29 11:51:00,108.7,NFO,05-MAY-2026,110.0,108.4,108.95,7874750,Options,Put,NIFTY,24100.0,60775
2026-04-29 11:52:00,108.0,NFO,05-MAY-2026,110.0,108.0,108.3,7868900,Options,Put,NIFTY,24100.0,47385
2026-04-29 11:53:00,107.75,NFO,05-MAY-2026,108.7,107.3,107.95,7868900,Options,Put,NIFTY,24100.0,90480
2026-04-29 11:54:00,108.9,NFO,05-MAY-2026,109.1,106.8,108.1,7868900,Options,Put,NIFTY,24100.0,115245
2026-04-29 11:55:00,108.05,NFO,05-MAY-2026,109.5,108.0,108.75,7824245,Options,Put,NIFTY,24100.0,67730
2026-04-29 11:56:00,108.6,NFO,05-MAY-2026,109.0,107.65,108.0,7824245,Options,Put,NIFTY,24100.0,47125
2026-04-29 11:57:00,108.85,NFO,05-MAY-2026,108.95,107.1,108.65,7824245,Options,Put,NIFTY,24100.0,71175
2026-04-29 11:58:00,107.5,NFO,05-MAY-2026,109.8,107.5,109.3,7801950,Options,Put,NIFTY,24100.0,118430
2026-04-29 11:59:00,106.45,NFO,05-MAY-2026,107.45,105.85,107.4,7801950,Options,Put,NIFTY,24100.0,190450
2026-04-29 12:00:00,105.7,NFO,05-MAY-2026,107.25,105.2,106.2,7801950,Options,Put,NIFTY,24100.0,185185
2026-04-29 12:01:00,105.3,NFO,05-MAY-2026,105.85,104.5,105.65,7936565,Options,Put,NIFTY,24100.0,200135
2026-04-29 12:02:00,106.45,NFO,05-MAY-2026,107.35,104.1,105.3,7936565,Options,Put,NIFTY,24100.0,88595
2026-04-29 12:03:00,106.9,NFO,05-MAY-2026,108.3,106.05,106.45,7936565,Options,Put,NIFTY,24100.0,137475
2026-04-29 12:04:00,108.2,NFO,05-MAY-2026,108.5,105.65,106.65,7936175,Options,Put,NIFTY,24100.0,78195
2026-04-29 12:05:00,109.1,NFO,05-MAY-2026,110.0,107.8,108.15,7936175,Options,Put,NIFTY,24100.0,163670
2026-04-29 12:06:00,109.5,NFO,05-MAY-2026,109.5,108.2,109.2,7936175,Options,Put,NIFTY,24100.0,98020
2026-04-29 12:07:00,106.8,NFO,05-MAY-2026,109.6,106.05,109.5,7905885,Options,Put,NIFTY,24100.0,106535
2026-04-29 12:08:00,104.0,NFO,05-MAY-2026,107.45,103.4,106.8,7905885,Options,Put,NIFTY,24100.0,202605
2026-04-29 12:09:00,102.5,NFO,05-MAY-2026,104.5,101.85,104.35,7905885,Options,Put,NIFTY,24100.0,371345
2026-04-29 12:10:00,98.8,NFO,05-MAY-2026,102.45,98.15,102.4,7878455,Options,Put,NIFTY,24100.0,567905
2026-04-29 12:11:00,95.45,NFO,05-MAY-2026,98.25,95.2,97.65,7878455,Options,Put,NIFTY,24100.0,655525
2026-04-29 12:12:00,98.05,NFO,05-MAY-2026,99.75,95.65,95.65,7878455,Options,Put,NIFTY,24100.0,257985
2026-04-29 12:13:00,100.95,NFO,05-MAY-2026,101.3,97.95,97.95,7826650,Options,Put,NIFTY,24100.0,190385
2026-04-29 12:14:00,100.1,NFO,05-MAY-2026,102.3,99.6,101.2,7826650,Options,Put,NIFTY,24100.0,206375
2026-04-29 12:15:00,98.15,NFO,05-MAY-2026,100.3,97.8,99.55,7826650,Options,Put,NIFTY,24100.0,127465
2026-04-29 12:16:00,98.3,NFO,05-MAY-2026,98.8,97.5,98.6,7866170,Options,Put,NIFTY,24100.0,122395
2026-04-29 12:17:00,96.5,NFO,05-MAY-2026,98.25,96.5,98.25,7866170,Options,Put,NIFTY,24100.0,104130
2026-04-29 12:18:00,97.15,NFO,05-MAY-2026,98.3,96.35,96.6,7866170,Options,Put,NIFTY,24100.0,111670
2026-04-29 12:19:00,97.0,NFO,05-MAY-2026,98.2,97.0,97.45,7872800,Options,Put,NIFTY,24100.0,68445
2026-04-29 12:20:00,99.3,NFO,05-MAY-2026,99.3,97.25,97.25,7872800,Options,Put,NIFTY,24100.0,103610
2026-04-29 12:21:00,99.0,NFO,05-MAY-2026,99.55,98.05,99.15,7872800,Options,Put,NIFTY,24100.0,93405
2026-04-29 12:22:00,97.3,NFO,05-MAY-2026,99.5,97.05,99.25,7926880,Options,Put,NIFTY,24100.0,161720
2026-04-29 12:23:00,95.7,NFO,05-MAY-2026,97.7,95.7,97.5,7926880,Options,Put,NIFTY,24100.0,131885
2026-04-29 12:24:00,94.95,NFO,05-MAY-2026,96.85,94.9,95.5,7926880,Options,Put,NIFTY,24100.0,162175
2026-04-29 12:25:00,94.95,NFO,05-MAY-2026,95.95,94.3,94.6,7913815,Options,Put,NIFTY,24100.0,158600
2026-04-29 12:26:00,95.1,NFO,05-MAY-2026,95.55,94.0,95.0,7913815,Options,Put,NIFTY,24100.0,147355
2026-04-29 12:27:00,96.2,NFO,05-MAY-2026,96.2,94.45,95.25,7913815,Options,Put,NIFTY,24100.0,122135
2026-04-29 12:28:00,95.75,NFO,05-MAY-2026,97.55,95.65,96.0,7889830,Options,Put,NIFTY,24100.0,110110
2026-04-29 12:29:00,95.9,NFO,05-MAY-2026,96.45,95.25,96.0,7889830,Options,Put,NIFTY,24100.0,86255
2026-04-29 12:30:00,95.3,NFO,05-MAY-2026,96.55,95.2,95.9,7889830,Options,Put,NIFTY,24100.0,70590
2026-04-29 12:31:00,94.25,NFO,05-MAY-2026,95.45,93.75,95.1,7973355,Options,Put,NIFTY,24100.0,168480
2026-04-29 12:32:00,93.65,NFO,05-MAY-2026,94.3,92.45,94.3,7973355,Options,Put,NIFTY,24100.0,256620
2026-04-29 12:33:00,92.45,NFO,05-MAY-2026,93.5,92.0,93.35,7973355,Options,Put,NIFTY,24100.0,159835
2026-04-29 12:34:00,90.95,NFO,05-MAY-2026,92.55,90.75,92.4,7929480,Options,Put,NIFTY,24100.0,192725
2026-04-29 12:35:00,90.4,NFO,05-MAY-2026,91.1,89.5,90.9,7929480,Options,Put,NIFTY,24100.0,313755
2026-04-29 12:36:00,92.15,NFO,05-MAY-2026,92.3,90.3,90.35,7929480,Options,Put,NIFTY,24100.0,147355
2026-04-29 12:37:00,90.65,NFO,05-MAY-2026,92.5,90.25,91.9,7876570,Options,Put,NIFTY,24100.0,108030
2026-04-29 12:38:00,90.75,NFO,05-MAY-2026,91.5,90.35,90.6,7876570,Options,Put,NIFTY,24100.0,99385
2026-04-29 12:39:00,91.95,NFO,05-MAY-2026,92.0,90.8,91.05,7876570,Options,Put,NIFTY,24100.0,83330
2026-04-29 12:40:00,91.75,NFO,05-MAY-2026,92.1,91.25,91.95,7902570,Options,Put,NIFTY,24100.0,60970
2026-04-29 12:41:00,91.45,NFO,05-MAY-2026,91.9,91.0,91.9,7902570,Options,Put,NIFTY,24100.0,52195
2026-04-29 12:42:00,92.4,NFO,05-MAY-2026,92.45,91.15,91.35,7902570,Options,Put,NIFTY,24100.0,90935
2026-04-29 12:43:00,93.35,NFO,05-MAY-2026,94.0,91.75,92.6,7927010,Options,Put,NIFTY,24100.0,177905
2026-04-29 12:44:00,92.2,NFO,05-MAY-2026,93.4,92.15,93.4,7927010,Options,Put,NIFTY,24100.0,68120
2026-04-29 12:45:00,92.8,NFO,05-MAY-2026,92.8,91.75,92.25,7927010,Options,Put,NIFTY,24100.0,80730
2026-04-29 12:46:00,94.15,NFO,05-MAY-2026,94.45,92.25,92.6,7930065,Options,Put,NIFTY,24100.0,105560
2026-04-29 12:47:00,94.0,NFO,05-MAY-2026,95.0,93.5,94.25,7930065,Options,Put,NIFTY,24100.0,101205
2026-04-29 12:48:00,94.2,NFO,05-MAY-2026,94.5,93.5,93.95,7930065,Options,Put,NIFTY,24100.0,65585
2026-04-29 12:49:00,94.0,NFO,05-MAY-2026,94.35,93.3,94.2,7926555,Options,Put,NIFTY,24100.0,58435
2026-04-29 12:50:00,93.75,NFO,05-MAY-2026,94.0,93.15,93.8,7926555,Options,Put,NIFTY,24100.0,75205
2026-04-29 12:51:00,92.85,NFO,05-MAY-2026,93.9,92.7,93.55,7926555,Options,Put,NIFTY,24100.0,91910
2026-04-29 12:52:00,92.0,NFO,05-MAY-2026,93.4,92.0,92.95,7930260,Options,Put,NIFTY,24100.0,76570
2026-04-29 12:53:00,93.75,NFO,05-MAY-2026,93.75,91.5,91.7,7930260,Options,Put,NIFTY,24100.0,90220
2026-04-29 12:54:00,94.0,NFO,05-MAY-2026,95.9,93.75,93.75,7930260,Options,Put,NIFTY,24100.0,194285
2026-04-29 12:55:00,93.8,NFO,05-MAY-2026,94.3,92.7,94.0,7931690,Options,Put,NIFTY,24100.0,89765
2026-04-29 12:56:00,94.3,NFO,05-MAY-2026,94.6,93.1,93.8,7931690,Options,Put,NIFTY,24100.0,67210
2026-04-29 12:57:00,92.7,NFO,05-MAY-2026,94.5,92.55,94.25,7931690,Options,Put,NIFTY,24100.0,62660
2026-04-29 12:58:00,93.6,NFO,05-MAY-2026,93.8,92.6,92.6,7931690,Options,Put,NIFTY,24100.0,38025
2026-04-29 12:59:00,93.6,NFO,05-MAY-2026,94.2,93.05,93.85,7940660,Options,Put,NIFTY,24100.0,71240
2026-04-29 13:00:00,93.55,NFO,05-MAY-2026,94.05,92.1,93.4,7940660,Options,Put,NIFTY,24100.0,84565
2026-04-29 13:01:00,93.55,NFO,05-MAY-2026,93.75,92.7,93.5,7940660,Options,Put,NIFTY,24100.0,31005
2026-04-29 13:02:00,93.9,NFO,05-MAY-2026,95.0,93.2,93.9,7941830,Options,Put,NIFTY,24100.0,97175
2026-04-29 13:03:00,94.3,NFO,05-MAY-2026,94.9,92.4,93.8,7941830,Options,Put,NIFTY,24100.0,55315
2026-04-29 13:04:00,93.5,NFO,05-MAY-2026,94.6,92.5,94.35,7941830,Options,Put,NIFTY,24100.0,63635
2026-04-29 13:05:00,92.9,NFO,05-MAY-2026,93.8,92.75,93.5,7926295,Options,Put,NIFTY,24100.0,87945
2026-04-29 13:06:00,93.7,NFO,05-MAY-2026,93.7,91.65,92.9,7926295,Options,Put,NIFTY,24100.0,149500
2026-04-29 13:07:00,90.95,NFO,05-MAY-2026,93.85,90.65,92.95,7926295,Options,Put,NIFTY,24100.0,124410
2026-04-29 13:08:00,90.25,NFO,05-MAY-2026,91.2,89.3,90.75,7893600,Options,Put,NIFTY,24100.0,205855
2026-04-29 13:09:00,94.75,NFO,05-MAY-2026,94.8,90.3,90.3,7893600,Options,Put,NIFTY,24100.0,199875
2026-04-29 13:10:00,91.95,NFO,05-MAY-2026,94.35,91.95,94.2,7893600,Options,Put,NIFTY,24100.0,127855
2026-04-29 13:11:00,93.3,NFO,05-MAY-2026,93.5,91.05,91.5,7807410,Options,Put,NIFTY,24100.0,82290
2026-04-29 13:12:00,95.75,NFO,05-MAY-2026,96.0,93.35,93.35,7807410,Options,Put,NIFTY,24100.0,287625
2026-04-29 13:13:00,94.05,NFO,05-MAY-2026,95.9,94.05,95.6,7807410,Options,Put,NIFTY,24100.0,129220
2026-04-29 13:14:00,95.05,NFO,05-MAY-2026,95.3,93.9,94.25,7802860,Options,Put,NIFTY,24100.0,62855
2026-04-29 13:15:00,94.5,NFO,05-MAY-2026,95.6,94.25,94.9,7802860,Options,Put,NIFTY,24100.0,125840
2026-04-29 13:16:00,96.5,NFO,05-MAY-2026,96.75,94.15,94.7,7802860,Options,Put,NIFTY,24100.0,145275
2026-04-29 13:17:00,95.35,NFO,05-MAY-2026,97.5,95.35,96.45,7798570,Options,Put,NIFTY,24100.0,178685
2026-04-29 13:18:00,95.4,NFO,05-MAY-2026,96.9,95.0,95.5,7798570,Options,Put,NIFTY,24100.0,121160
2026-04-29 13:19:00,93.85,NFO,05-MAY-2026,95.5,93.85,95.2,7798570,Options,Put,NIFTY,24100.0,118430
2026-04-29 13:20:00,95.35,NFO,05-MAY-2026,95.7,93.05,93.8,7786740,Options,Put,NIFTY,24100.0,146705
2026-04-29 13:21:00,97.4,NFO,05-MAY-2026,97.8,94.3,94.75,7786740,Options,Put,NIFTY,24100.0,129415
2026-04-29 13:22:00,98.2,NFO,05-MAY-2026,98.25,96.9,97.45,7786740,Options,Put,NIFTY,24100.0,208585
2026-04-29 13:23:00,98.15,NFO,05-MAY-2026,98.9,97.55,98.15,7780890,Options,Put,NIFTY,24100.0,164450
2026-04-29 13:24:00,98.1,NFO,05-MAY-2026,99.65,97.65,98.0,7780890,Options,Put,NIFTY,24100.0,167310
2026-04-29 13:25:00,97.75,NFO,05-MAY-2026,98.75,97.5,98.15,7780890,Options,Put,NIFTY,24100.0,133510
2026-04-29 13:26:00,97.7,NFO,05-MAY-2026,98.4,96.3,97.75,7768995,Options,Put,NIFTY,24100.0,123760
2026-04-29 13:27:00,98.85,NFO,05-MAY-2026,99.9,97.7,97.7,7768995,Options,Put,NIFTY,24100.0,133055
2026-04-29 13:28:00,98.95,NFO,05-MAY-2026,99.0,98.05,98.85,7768995,Options,Put,NIFTY,24100.0,64090
2026-04-29 13:29:00,99.75,NFO,05-MAY-2026,100.55,98.2,99.0,7761130,Options,Put,NIFTY,24100.0,145470
2026-04-29 13:30:00,97.65,NFO,05-MAY-2026,99.9,97.3,99.9,7761130,Options,Put,NIFTY,24100.0,187590
2026-04-29 13:31:00,97.0,NFO,05-MAY-2026,97.95,96.2,97.7,7761130,Options,Put,NIFTY,24100.0,123760
2026-04-29 13:32:00,99.2,NFO,05-MAY-2026,100.3,96.45,96.9,7833280,Options,Put,NIFTY,24100.0,120575
2026-04-29 13:33:00,98.3,NFO,05-MAY-2026,99.6,98.0,99.0,7833280,Options,Put,NIFTY,24100.0,65780
2026-04-29 13:34:00,98.5,NFO,05-MAY-2026,100.0,98.05,98.05,7833280,Options,Put,NIFTY,24100.0,88465
2026-04-29 13:35:00,100.8,NFO,05-MAY-2026,101.35,97.7,98.5,7814430,Options,Put,NIFTY,24100.0,189150
2026-04-29 13:36:00,102.95,NFO,05-MAY-2026,104.45,100.8,101.05,7814430,Options,Put,NIFTY,24100.0,476645
2026-04-29 13:37:00,103.45,NFO,05-MAY-2026,104.45,101.75,102.6,7814430,Options,Put,NIFTY,24100.0,247845
2026-04-29 13:38:00,106.8,NFO,05-MAY-2026,108.45,102.8,103.8,7660510,Options,Put,NIFTY,24100.0,414440
2026-04-29 13:39:00,107.05,NFO,05-MAY-2026,109.5,106.0,107.1,7660510,Options,Put,NIFTY,24100.0,459875
2026-04-29 13:40:00,110.4,NFO,05-MAY-2026,111.2,107.3,107.3,7660510,Options,Put,NIFTY,24100.0,480350
2026-04-29 13:41:00,111.0,NFO,05-MAY-2026,111.45,109.35,110.65,7408570,Options,Put,NIFTY,24100.0,377390
2026-04-29 13:42:00,110.5,NFO,05-MAY-2026,113.95,108.5,110.6,7408570,Options,Put,NIFTY,24100.0,663325
2026-04-29 13:43:00,111.5,NFO,05-MAY-2026,111.95,109.25,109.9,7408570,Options,Put,NIFTY,24100.0,198510
2026-04-29 13:44:00,111.8,NFO,05-MAY-2026,113.15,109.35,111.6,7131735,Options,Put,NIFTY,24100.0,205335
2026-04-29 13:45:00,114.3,NFO,05-MAY-2026,114.3,110.5,111.8,7131735,Options,Put,NIFTY,24100.0,280345
2026-04-29 13:46:00,112.7,NFO,05-MAY-2026,114.85,111.15,114.1,7131735,Options,Put,NIFTY,24100.0,439530
2026-04-29 13:47:00,114.3,NFO,05-MAY-2026,114.7,111.2,112.65,7040930,Options,Put,NIFTY,24100.0,348530
2026-04-29 13:48:00,114.0,NFO,05-MAY-2026,117.15,113.05,114.4,7040930,Options,Put,NIFTY,24100.0,463775
2026-04-29 13:49:00,112.35,NFO,05-MAY-2026,115.0,111.2,114.4,7040930,Options,Put,NIFTY,24100.0,354510
2026-04-29 13:50:00,110.15,NFO,05-MAY-2026,112.35,110.15,112.1,6981910,Options,Put,NIFTY,24100.0,224835
2026-04-29 13:51:00,110.45,NFO,05-MAY-2026,114.5,110.45,110.7,6981910,Options,Put,NIFTY,24100.0,191945
2026-04-29 13:52:00,109.25,NFO,05-MAY-2026,111.0,108.7,110.5,6981910,Options,Put,NIFTY,24100.0,222625
2026-04-29 13:53:00,109.6,NFO,05-MAY-2026,109.9,107.1,109.35,6949410,Options,Put,NIFTY,24100.0,278460
2026-04-29 13:54:00,112.05,NFO,05-MAY-2026,112.9,109.6,110.0,6949410,Options,Put,NIFTY,24100.0,207480
2026-04-29 13:55:00,109.15,NFO,05-MAY-2026,111.85,107.85,111.55,6949410,Options,Put,NIFTY,24100.0,136955
2026-04-29 13:56:00,110.65,NFO,05-MAY-2026,111.15,108.15,109.15,6876220,Options,Put,NIFTY,24100.0,96590
2026-04-29 13:57:00,114.8,NFO,05-MAY-2026,115.0,110.35,110.8,6876220,Options,Put,NIFTY,24100.0,269490
2026-04-29 13:58:00,111.45,NFO,05-MAY-2026,114.95,111.15,114.7,6876220,Options,Put,NIFTY,24100.0,155415
2026-04-29 13:59:00,116.3,NFO,05-MAY-2026,116.3,112.0,112.25,6835335,Options,Put,NIFTY,24100.0,206570
2026-04-29 14:00:00,115.0,NFO,05-MAY-2026,119.8,114.3,116.6,6835335,Options,Put,NIFTY,24100.0,598130
2026-04-29 14:01:00,115.75,NFO,05-MAY-2026,117.0,113.65,114.6,6835335,Options,Put,NIFTY,24100.0,281385
2026-04-29 14:02:00,119.2,NFO,05-MAY-2026,121.4,115.3,115.55,6766890,Options,Put,NIFTY,24100.0,571285
2026-04-29 14:03:00,133.5,NFO,05-MAY-2026,133.5,118.6,119.2,6766890,Options,Put,NIFTY,24100.0,1411800
2026-04-29 14:04:00,139.0,NFO,05-MAY-2026,140.0,133.3,134.85,6766890,Options,Put,NIFTY,24100.0,1686750
2026-04-29 14:05:00,139.7,NFO,05-MAY-2026,141.1,133.7,137.5,5916560,Options,Put,NIFTY,24100.0,1086540
2026-04-29 14:06:00,135.1,NFO,05-MAY-2026,140.95,133.1,139.35,5916560,Options,Put,NIFTY,24100.0,573365
2026-04-29 14:07:00,134.45,NFO,05-MAY-2026,137.6,131.3,135.25,5916560,Options,Put,NIFTY,24100.0,487565
2026-04-29 14:08:00,136.05,NFO,05-MAY-2026,136.5,133.0,133.7,5663970,Options,Put,NIFTY,24100.0,271440
2026-04-29 14:09:00,136.2,NFO,05-MAY-2026,139.0,135.85,135.95,5663970,Options,Put,NIFTY,24100.0,362050
2026-04-29 14:10:00,134.05,NFO,05-MAY-2026,138.0,134.05,136.15,5663970,Options,Put,NIFTY,24100.0,291460
2026-04-29 14:11:00,131.95,NFO,05-MAY-2026,134.25,131.35,133.7,5704335,Options,Put,NIFTY,24100.0,258830
2026-04-29 14:12:00,135.6,NFO,05-MAY-2026,137.25,131.4,131.4,5704335,Options,Put,NIFTY,24100.0,234390
2026-04-29 14:13:00,136.1,NFO,05-MAY-2026,138.25,134.55,136.65,5704335,Options,Put,NIFTY,24100.0,435630
2026-04-29 14:14:00,129.35,NFO,05-MAY-2026,136.5,128.2,136.5,5654025,Options,Put,NIFTY,24100.0,434135
2026-04-29 14:15:00,130.3,NFO,05-MAY-2026,132.35,128.8,130.35,5654025,Options,Put,NIFTY,24100.0,225420
2026-04-29 14:16:00,132.15,NFO,05-MAY-2026,132.8,128.0,128.9,5654025,Options,Put,NIFTY,24100.0,178750
2026-04-29 14:17:00,135.35,NFO,05-MAY-2026,137.65,131.5,131.5,5659160,Options,Put,NIFTY,24100.0,387660
2026-04-29 14:18:00,138.35,NFO,05-MAY-2026,138.35,131.9,135.6,5659160,Options,Put,NIFTY,24100.0,299780
2026-04-29 14:19:00,139.0,NFO,05-MAY-2026,139.95,136.9,138.35,5659160,Options,Put,NIFTY,24100.0,576225
2026-04-29 14:20:00,138.75,NFO,05-MAY-2026,140.6,137.7,139.7,5601960,Options,Put,NIFTY,24100.0,587730
2026-04-29 14:21:00,138.25,NFO,05-MAY-2026,143.2,137.85,137.85,5601960,Options,Put,NIFTY,24100.0,529230
2026-04-29 14:22:00,141.0,NFO,05-MAY-2026,141.0,135.5,137.2,5601960,Options,Put,NIFTY,24100.0,350025
2026-04-29 14:23:00,134.15,NFO,05-MAY-2026,142.0,130.8,141.55,5531045,Options,Put,NIFTY,24100.0,489385
2026-04-29 14:24:00,131.65,NFO,05-MAY-2026,134.05,129.9,134.05,5531045,Options,Put,NIFTY,24100.0,318110
2026-04-29 14:25:00,132.0,NFO,05-MAY-2026,135.6,132.0,132.0,5531045,Options,Put,NIFTY,24100.0,279890
2026-04-29 14:26:00,136.3,NFO,05-MAY-2026,137.25,131.4,131.5,5511480,Options,Put,NIFTY,24100.0,253175
2026-04-29 14:27:00,141.0,NFO,05-MAY-2026,142.65,136.55,136.8,5511480,Options,Put,NIFTY,24100.0,408070
2026-04-29 14:28:00,137.6,NFO,05-MAY-2026,140.95,137.6,140.65,5511480,Options,Put,NIFTY,24100.0,223015
2026-04-29 14:29:00,141.3,NFO,05-MAY-2026,141.75,137.9,137.95,5443880,Options,Put,NIFTY,24100.0,228670
2026-04-29 14:30:00,138.15,NFO,05-MAY-2026,142.5,138.15,142.2,5443880,Options,Put,NIFTY,24100.0,336440
2026-04-29 14:31:00,134.8,NFO,05-MAY-2026,139.5,134.4,138.0,5443880,Options,Put,NIFTY,24100.0,244595
2026-04-29 14:32:00,132.75,NFO,05-MAY-2026,134.75,132.3,133.45,5454540,Options,Put,NIFTY,24100.0,245570
2026-04-29 14:33:00,136.45,NFO,05-MAY-2026,137.3,132.05,132.9,5454540,Options,Put,NIFTY,24100.0,196105
2026-04-29 14:34:00,134.0,NFO,05-MAY-2026,138.3,133.5,135.95,5454540,Options,Put,NIFTY,24100.0,177515
2026-04-29 14:35:00,138.9,NFO,05-MAY-2026,140.95,134.05,134.5,5435495,Options,Put,NIFTY,24100.0,249860
2026-04-29 14:36:00,136.0,NFO,05-MAY-2026,140.0,134.55,139.05,5435495,Options,Put,NIFTY,24100.0,140595
2026-04-29 14:37:00,136.95,NFO,05-MAY-2026,139.4,136.5,136.75,5435495,Options,Put,NIFTY,24100.0,170430
2026-04-29 14:38:00,135.85,NFO,05-MAY-2026,138.45,135.85,138.0,5394220,Options,Put,NIFTY,24100.0,70200
2026-04-29 14:39:00,134.85,NFO,05-MAY-2026,137.85,134.15,135.65,5394220,Options,Put,NIFTY,24100.0,166920
2026-04-29 14:40:00,133.45,NFO,05-MAY-2026,134.8,132.65,134.4,5394220,Options,Put,NIFTY,24100.0,212745
2026-04-29 14:41:00,132.3,NFO,05-MAY-2026,134.55,132.0,133.8,5306210,Options,Put,NIFTY,24100.0,188955
2026-04-29 14:42:00,129.55,NFO,05-MAY-2026,133.3,128.5,132.75,5306210,Options,Put,NIFTY,24100.0,317070
2026-04-29 14:43:00,133.0,NFO,05-MAY-2026,134.05,130.0,130.0,5306210,Options,Put,NIFTY,24100.0,184990
2026-04-29 14:44:00,131.8,NFO,05-MAY-2026,133.2,130.55,133.0,5235555,Options,Put,NIFTY,24100.0,165360
2026-04-29 14:45:00,132.2,NFO,05-MAY-2026,132.9,130.4,131.45,5235555,Options,Put,NIFTY,24100.0,258960
2026-04-29 14:46:00,137.95,NFO,05-MAY-2026,139.55,132.15,132.6,5235555,Options,Put,NIFTY,24100.0,319280
2026-04-29 14:47:00,137.5,NFO,05-MAY-2026,138.25,135.35,137.85,5249530,Options,Put,NIFTY,24100.0,202995
2026-04-29 14:48:00,134.75,NFO,05-MAY-2026,137.4,134.0,137.35,5249530,Options,Put,NIFTY,24100.0,150995
2026-04-29 14:49:00,134.5,NFO,05-MAY-2026,137.5,134.5,135.0,5249530,Options,Put,NIFTY,24100.0,141440
2026-04-29 14:50:00,138.35,NFO,05-MAY-2026,140.55,134.25,134.75,5258175,Options,Put,NIFTY,24100.0,294385
2026-04-29 14:51:00,136.95,NFO,05-MAY-2026,139.3,136.25,138.3,5258175,Options,Put,NIFTY,24100.0,157690
2026-04-29 14:52:00,135.8,NFO,05-MAY-2026,137.95,134.9,136.85,5258175,Options,Put,NIFTY,24100.0,141050
2026-04-29 14:53:00,136.15,NFO,05-MAY-2026,137.5,135.2,136.4,5224115,Options,Put,NIFTY,24100.0,104455
2026-04-29 14:54:00,136.15,NFO,05-MAY-2026,137.75,135.45,136.55,5224115,Options,Put,NIFTY,24100.0,89310
2026-04-29 14:55:00,139.9,NFO,05-MAY-2026,140.25,136.15,136.15,5224115,Options,Put,NIFTY,24100.0,204815
2026-04-29 14:56:00,137.8,NFO,05-MAY-2026,140.75,137.35,139.85,5141110,Options,Put,NIFTY,24100.0,207610
2026-04-29 14:57:00,138.5,NFO,05-MAY-2026,139.95,137.4,138.0,5141110,Options,Put,NIFTY,24100.0,107380
2026-04-29 14:58:00,141.85,NFO,05-MAY-2026,141.85,138.5,138.5,5141110,Options,Put,NIFTY,24100.0,231140
2026-04-29 14:59:00,146.1,NFO,05-MAY-2026,148.65,139.8,141.6,5019820,Options,Put,NIFTY,24100.0,720525
2026-04-29 15:00:00,140.15,NFO,05-MAY-2026,147.25,137.0,146.05,5019820,Options,Put,NIFTY,24100.0,487565
2026-04-29 15:01:00,136.75,NFO,05-MAY-2026,142.75,135.55,140.55,5019820,Options,Put,NIFTY,24100.0,301730
2026-04-29 15:02:00,136.15,NFO,05-MAY-2026,137.1,133.3,136.6,4916210,Options,Put,NIFTY,24100.0,271505
2026-04-29 15:03:00,139.7,NFO,05-MAY-2026,139.75,134.25,136.6,4916210,Options,Put,NIFTY,24100.0,181740
2026-04-29 15:04:00,140.7,NFO,05-MAY-2026,143.05,138.7,140.2,4916210,Options,Put,NIFTY,24100.0,335335
2026-04-29 15:05:00,140.5,NFO,05-MAY-2026,142.2,138.6,141.0,4862065,Options,Put,NIFTY,24100.0,208455
2026-04-29 15:06:00,138.4,NFO,05-MAY-2026,141.95,137.95,141.1,4862065,Options,Put,NIFTY,24100.0,189215
2026-04-29 15:07:00,138.95,NFO,05-MAY-2026,139.75,137.5,138.4,4862065,Options,Put,NIFTY,24100.0,222560
2026-04-29 15:08:00,137.75,NFO,05-MAY-2026,139.85,136.9,139.25,4759300,Options,Put,NIFTY,24100.0,249600
2026-04-29 15:09:00,141.0,NFO,05-MAY-2026,141.65,137.6,138.0,4759300,Options,Put,NIFTY,24100.0,240435
2026-04-29 15:10:00,145.15,NFO,05-MAY-2026,147.9,140.95,140.95,4759300,Options,Put,NIFTY,24100.0,560170
2026-04-29 15:11:00,145.45,NFO,05-MAY-2026,148.0,144.6,145.1,4512430,Options,Put,NIFTY,24100.0,358540
2026-04-29 15:12:00,145.5,NFO,05-MAY-2026,147.4,144.5,144.5,4512430,Options,Put,NIFTY,24100.0,224120
2026-04-29 15:13:00,146.2,NFO,05-MAY-2026,147.45,145.35,145.75,4512430,Options,Put,NIFTY,24100.0,198770
2026-04-29 15:14:00,146.4,NFO,05-MAY-2026,147.4,144.65,146.95,4367025,Options,Put,NIFTY,24100.0,417885
2026-04-29 15:15:00,145.75,NFO,05-MAY-2026,150.0,141.65,146.95,4367025,Options,Put,NIFTY,24100.0,977795
2026-04-29 15:16:00,147.55,NFO,05-MAY-2026,149.15,146.05,146.5,4367025,Options,Put,NIFTY,24100.0,327535
2026-04-29 15:17:00,148.05,NFO,05-MAY-2026,148.45,145.5,148.0,3807505,Options,Put,NIFTY,24100.0,282035
2026-04-29 15:18:00,147.15,NFO,05-MAY-2026,148.8,146.8,148.15,3807505,Options,Put,NIFTY,24100.0,248950
2026-04-29 15:19:00,148.1,NFO,05-MAY-2026,148.8,146.6,146.6,3807505,Options,Put,NIFTY,24100.0,347230
2026-04-29 15:20:00,149.1,NFO,05-MAY-2026,150.2,148.0,148.25,3385070,Options,Put,NIFTY,24100.0,486135
2026-04-29 15:21:00,148.4,NFO,05-MAY-2026,149.75,146.4,149.1,3385070,Options,Put,NIFTY,24100.0,204815
2026-04-29 15:22:00,147.8,NFO,05-MAY-2026,149.3,147.25,147.7,3385070,Options,Put,NIFTY,24100.0,198575
2026-04-29 15:23:00,148.95,NFO,05-MAY-2026,149.45,147.7,147.7,3200795,Options,Put,NIFTY,24100.0,146705
2026-04-29 15:24:00,149.55,NFO,05-MAY-2026,150.8,148.45,149.1,3200795,Options,Put,NIFTY,24100.0,234975
2026-04-29 15:25:00,152.4,NFO,05-MAY-2026,152.8,148.8,150.15,3200795,Options,Put,NIFTY,24100.0,294775
2026-04-29 15:26:00,158.1,NFO,05-MAY-2026,161.5,152.4,152.4,2883985,Options,Put,NIFTY,24100.0,709085
2026-04-29 15:27:00,156.4,NFO,05-MAY-2026,159.1,155.6,158.3,2883985,Options,Put,NIFTY,24100.0,269685
2026-04-29 15:28:00,157.9,NFO,05-MAY-2026,158.6,155.8,155.8,2883985,Options,Put,NIFTY,24100.0,235950
2026-04-29 15:29:00,156.9,NFO,05-MAY-2026,158.15,155.65,157.7,2714985,Options,Put,NIFTY,24100.0,389285
